date,name,value
2020-03-09,lothian,5
2020-03-10,grampian,6
2020-03-10,lothian,7
2020-03-11,grampian,6
2020-03-11,greater_glasgow_and_clyde,5
2020-03-11,lothian,8
2020-03-12,forth_valley,6
2020-03-12,grampian,7
2020-03-12,greater_glasgow_and_clyde,10
2020-03-12,lanarkshire,7
2020-03-12,lothian,11
2020-03-12,shetland,6
2020-03-13,forth_valley,6
2020-03-13,grampian,9
2020-03-13,greater_glasgow_and_clyde,20
2020-03-13,lanarkshire,7
2020-03-13,lothian,19
2020-03-13,shetland,8
2020-03-14,ayrshire_and_arran,6
2020-03-14,borders,5
2020-03-14,fife,6
2020-03-14,forth_valley,6
2020-03-14,grampian,9
2020-03-14,greater_glasgow_and_clyde,31
2020-03-14,lanarkshire,10
2020-03-14,lothian,25
2020-03-14,shetland,13
2020-03-14,tayside,11
2020-03-15,ayrshire_and_arran,6
2020-03-15,borders,7
2020-03-15,fife,7
2020-03-15,forth_valley,10
2020-03-15,grampian,12
2020-03-15,greater_glasgow_and_clyde,39
2020-03-15,lanarkshire,16
2020-03-15,lothian,28
2020-03-15,shetland,13
2020-03-15,tayside,15
2020-03-16,ayrshire_and_arran,6
2020-03-16,borders,7
2020-03-16,fife,7
2020-03-16,forth_valley,10
2020-03-16,grampian,12
2020-03-16,greater_glasgow_and_clyde,44
2020-03-16,lanarkshire,20
2020-03-16,lothian,29
2020-03-16,shetland,15
2020-03-16,tayside,17
2020-03-17,ayrshire_and_arran,6
2020-03-17,borders,7
2020-03-17,fife,7
2020-03-17,forth_valley,12
2020-03-17,grampian,18
2020-03-17,greater_glasgow_and_clyde,49
2020-03-17,highland,5
2020-03-17,lanarkshire,21
2020-03-17,lothian,30
2020-03-17,shetland,15
2020-03-17,tayside,20
2020-03-18,ayrshire_and_arran,9
2020-03-18,borders,7
2020-03-18,fife,8
2020-03-18,forth_valley,15
2020-03-18,grampian,18
2020-03-18,greater_glasgow_and_clyde,57
2020-03-18,highland,5
2020-03-18,lanarkshire,25
2020-03-18,lothian,33
2020-03-18,shetland,16
2020-03-18,tayside,24
2020-03-19,ayrshire_and_arran,12
2020-03-19,borders,8
2020-03-19,dumfries_and_galloway,6
2020-03-19,fife,9
2020-03-19,forth_valley,17
2020-03-19,grampian,18
2020-03-19,greater_glasgow_and_clyde,71
2020-03-19,highland,6
2020-03-19,lanarkshire,33
2020-03-19,lothian,35
2020-03-19,shetland,24
2020-03-19,tayside,27
2020-03-20,ayrshire_and_arran,16
2020-03-20,borders,9
2020-03-20,dumfries_and_galloway,10
2020-03-20,fife,12
2020-03-20,forth_valley,23
2020-03-20,grampian,19
2020-03-20,greater_glasgow_and_clyde,91
2020-03-20,highland,6
2020-03-20,lanarkshire,41
2020-03-20,lothian,40
2020-03-20,shetland,24
2020-03-20,tayside,31
2020-03-21,ayrshire_and_arran,21
2020-03-21,borders,10
2020-03-21,dumfries_and_galloway,13
2020-03-21,fife,13
2020-03-21,forth_valley,27
2020-03-21,grampian,20
2020-03-21,greater_glasgow_and_clyde,110
2020-03-21,highland,8
2020-03-21,lanarkshire,49
2020-03-21,lothian,44
2020-03-21,shetland,24
2020-03-21,tayside,34
2020-03-22,ayrshire_and_arran,25
2020-03-22,borders,11
2020-03-22,dumfries_and_galloway,16
2020-03-22,fife,16
2020-03-22,forth_valley,30
2020-03-22,grampian,23
2020-03-22,greater_glasgow_and_clyde,130
2020-03-22,highland,8
2020-03-22,lanarkshire,49
2020-03-22,lothian,46
2020-03-22,shetland,24
2020-03-22,tayside,38
2020-03-23,ayrshire_and_arran,34
2020-03-23,borders,12
2020-03-23,dumfries_and_galloway,18
2020-03-23,fife,19
2020-03-23,forth_valley,40
2020-03-23,grampian,24
2020-03-23,greater_glasgow_and_clyde,152
2020-03-23,highland,12
2020-03-23,lanarkshire,58
2020-03-23,lothian,59
2020-03-23,shetland,24
2020-03-23,tayside,47
2020-03-24,ayrshire_and_arran,41
2020-03-24,borders,12
2020-03-24,dumfries_and_galloway,26
2020-03-24,fife,25
2020-03-24,forth_valley,43
2020-03-24,grampian,24
2020-03-24,greater_glasgow_and_clyde,183
2020-03-24,highland,13
2020-03-24,lanarkshire,75
2020-03-24,lothian,70
2020-03-24,shetland,24
2020-03-24,tayside,48
2020-03-25,ayrshire_and_arran,57
2020-03-25,borders,15
2020-03-25,dumfries_and_galloway,31
2020-03-25,fife,29
2020-03-25,forth_valley,59
2020-03-25,grampian,29
2020-03-25,greater_glasgow_and_clyde,221
2020-03-25,highland,22
2020-03-25,lanarkshire,87
2020-03-25,lothian,88
2020-03-25,shetland,24
2020-03-25,tayside,57
2020-03-26,ayrshire_and_arran,74
2020-03-26,borders,23
2020-03-26,dumfries_and_galloway,39
2020-03-26,fife,40
2020-03-26,forth_valley,75
2020-03-26,grampian,31
2020-03-26,greater_glasgow_and_clyde,258
2020-03-26,highland,29
2020-03-26,lanarkshire,114
2020-03-26,lothian,111
2020-03-26,shetland,24
2020-03-26,tayside,76
2020-03-27,ayrshire_and_arran,75
2020-03-27,borders,28
2020-03-27,dumfries_and_galloway,47
2020-03-27,fife,41
2020-03-27,forth_valley,81
2020-03-27,grampian,45
2020-03-27,greater_glasgow_and_clyde,299
2020-03-27,highland,33
2020-03-27,lanarkshire,140
2020-03-27,lothian,139
2020-03-27,shetland,24
2020-03-27,tayside,107
2020-03-28,ayrshire_and_arran,90
2020-03-28,borders,35
2020-03-28,dumfries_and_galloway,60
2020-03-28,fife,51
2020-03-28,forth_valley,94
2020-03-28,grampian,52
2020-03-28,greater_glasgow_and_clyde,376
2020-03-28,highland,36
2020-03-28,lanarkshire,165
2020-03-28,lothian,151
2020-03-28,shetland,27
2020-03-28,tayside,127
2020-03-29,ayrshire_and_arran,108
2020-03-29,borders,50
2020-03-29,dumfries_and_galloway,63
2020-03-29,fife,58
2020-03-29,forth_valley,94
2020-03-29,grampian,62
2020-03-29,greater_glasgow_and_clyde,401
2020-03-29,highland,41
2020-03-29,lanarkshire,184
2020-03-29,lothian,188
2020-03-29,shetland,27
2020-03-29,tayside,141
2020-03-30,ayrshire_and_arran,154
2020-03-30,borders,63
2020-03-30,dumfries_and_galloway,74
2020-03-30,fife,70
2020-03-30,forth_valley,103
2020-03-30,grampian,66
2020-03-30,greater_glasgow_and_clyde,449
2020-03-30,highland,44
2020-03-30,lanarkshire,197
2020-03-30,lothian,208
2020-03-30,shetland,27
2020-03-30,tayside,177
2020-03-31,ayrshire_and_arran,177
2020-03-31,borders,77
2020-03-31,dumfries_and_galloway,92
2020-03-31,fife,76
2020-03-31,forth_valley,131
2020-03-31,grampian,86
2020-03-31,greater_glasgow_and_clyde,547
2020-03-31,highland,51
2020-03-31,lanarkshire,244
2020-03-31,lothian,269
2020-03-31,shetland,29
2020-03-31,tayside,214
2020-04-01,ayrshire_and_arran,199
2020-04-01,borders,87
2020-04-01,dumfries_and_galloway,100
2020-04-01,fife,96
2020-04-01,forth_valley,146
2020-04-01,grampian,108
2020-04-01,greater_glasgow_and_clyde,632
2020-04-01,highland,58
2020-04-01,lanarkshire,284
2020-04-01,lothian,311
2020-04-01,shetland,30
2020-04-01,tayside,254
2020-04-02,ayrshire_and_arran,221
2020-04-02,borders,93
2020-04-02,dumfries_and_galloway,104
2020-04-02,fife,119
2020-04-02,forth_valley,172
2020-04-02,grampian,128
2020-04-02,greater_glasgow_and_clyde,682
2020-04-02,highland,65
2020-04-02,lanarkshire,320
2020-04-02,lothian,356
2020-04-02,shetland,30
2020-04-02,tayside,307
2020-04-03,ayrshire_and_arran,240
2020-04-03,borders,100
2020-04-03,dumfries_and_galloway,122
2020-04-03,fife,147
2020-04-03,forth_valley,189
2020-04-03,grampian,173
2020-04-03,greater_glasgow_and_clyde,779
2020-04-03,highland,72
2020-04-03,lanarkshire,377
2020-04-03,lothian,408
2020-04-03,shetland,36
2020-04-03,tayside,353
2020-04-04,ayrshire_and_arran,254
2020-04-04,borders,110
2020-04-04,dumfries_and_galloway,127
2020-04-04,fife,173
2020-04-04,forth_valley,208
2020-04-04,grampian,177
2020-04-04,greater_glasgow_and_clyde,851
2020-04-04,highland,85
2020-04-04,lanarkshire,427
2020-04-04,lothian,476
2020-04-04,shetland,40
2020-04-04,tayside,410
2020-04-05,ayrshire_and_arran,267
2020-04-05,borders,130
2020-04-05,dumfries_and_galloway,141
2020-04-05,fife,200
2020-04-05,forth_valley,226
2020-04-05,grampian,194
2020-04-05,greater_glasgow_and_clyde,931
2020-04-05,highland,99
2020-04-05,lanarkshire,478
2020-04-05,lothian,534
2020-04-05,shetland,41
2020-04-05,tayside,457
2020-04-06,ayrshire_and_arran,288
2020-04-06,borders,139
2020-04-06,dumfries_and_galloway,144
2020-04-06,fife,227
2020-04-06,forth_valley,231
2020-04-06,grampian,209
2020-04-06,greater_glasgow_and_clyde,984
2020-04-06,highland,102
2020-04-06,lanarkshire,512
2020-04-06,lothian,577
2020-04-06,shetland,41
2020-04-06,tayside,499
2020-04-07,ayrshire_and_arran,296
2020-04-07,borders,149
2020-04-07,dumfries_and_galloway,152
2020-04-07,fife,239
2020-04-07,forth_valley,243
2020-04-07,grampian,210
2020-04-07,greater_glasgow_and_clyde,1094
2020-04-07,highland,112
2020-04-07,lanarkshire,547
2020-04-07,lothian,621
2020-04-07,shetland,42
2020-04-07,tayside,516
2020-04-08,ayrshire_and_arran,312
2020-04-08,borders,160
2020-04-08,dumfries_and_galloway,155
2020-04-08,fife,255
2020-04-08,forth_valley,259
2020-04-08,grampian,223
2020-04-08,greater_glasgow_and_clyde,1166
2020-04-08,highland,122
2020-04-08,lanarkshire,575
2020-04-08,lothian,700
2020-04-08,shetland,43
2020-04-08,tayside,586
2020-04-09,ayrshire_and_arran,362
2020-04-09,borders,167
2020-04-09,dumfries_and_galloway,163
2020-04-09,fife,288
2020-04-09,forth_valley,280
2020-04-09,grampian,236
2020-04-09,greater_glasgow_and_clyde,1251
2020-04-09,highland,137
2020-04-09,lanarkshire,607
2020-04-09,lothian,747
2020-04-09,shetland,43
2020-04-09,tayside,667
2020-04-10,ayrshire_and_arran,364
2020-04-10,borders,177
2020-04-10,dumfries_and_galloway,164
2020-04-10,fife,333
2020-04-10,forth_valley,302
2020-04-10,grampian,251
2020-04-10,greater_glasgow_and_clyde,1314
2020-04-10,highland,144
2020-04-10,lanarkshire,662
2020-04-10,lothian,799
2020-04-10,shetland,43
2020-04-10,tayside,712
2020-04-11,ayrshire_and_arran,376
2020-04-11,borders,189
2020-04-11,dumfries_and_galloway,179
2020-04-11,fife,356
2020-04-11,forth_valley,324
2020-04-11,grampian,261
2020-04-11,greater_glasgow_and_clyde,1387
2020-04-11,highland,148
2020-04-11,lanarkshire,707
2020-04-11,lothian,856
2020-04-11,orkney,5
2020-04-11,shetland,43
2020-04-11,tayside,753
2020-04-11,western_isles,6
2020-04-12,ayrshire_and_arran,390
2020-04-12,borders,199
2020-04-12,dumfries_and_galloway,186
2020-04-12,fife,379
2020-04-12,forth_valley,337
2020-04-12,grampian,291
2020-04-12,greater_glasgow_and_clyde,1449
2020-04-12,highland,151
2020-04-12,lanarkshire,758
2020-04-12,lothian,915
2020-04-12,orkney,5
2020-04-12,shetland,43
2020-04-12,tayside,803
2020-04-12,western_isles,6
2020-04-13,ayrshire_and_arran,390
2020-04-13,borders,204
2020-04-13,dumfries_and_galloway,192
2020-04-13,fife,383
2020-04-13,forth_valley,352
2020-04-13,grampian,313
2020-04-13,greater_glasgow_and_clyde,1486
2020-04-13,highland,163
2020-04-13,lanarkshire,784
2020-04-13,lothian,932
2020-04-13,orkney,5
2020-04-13,shetland,45
2020-04-13,tayside,812
2020-04-13,western_isles,6
2020-04-14,ayrshire_and_arran,416
2020-04-14,borders,208
2020-04-14,dumfries_and_galloway,199
2020-04-14,fife,397
2020-04-14,forth_valley,367
2020-04-14,grampian,335
2020-04-14,greater_glasgow_and_clyde,1575
2020-04-14,highland,168
2020-04-14,lanarkshire,822
2020-04-14,lothian,989
2020-04-14,orkney,5
2020-04-14,shetland,45
2020-04-14,tayside,826
2020-04-14,western_isles,6
2020-04-15,ayrshire_and_arran,457
2020-04-15,borders,215
2020-04-15,dumfries_and_galloway,207
2020-04-15,fife,424
2020-04-15,forth_valley,380
2020-04-15,grampian,357
2020-04-15,greater_glasgow_and_clyde,1661
2020-04-15,highland,180
2020-04-15,lanarkshire,873
2020-04-15,lothian,1040
2020-04-15,orkney,5
2020-04-15,shetland,45
2020-04-15,tayside,898
2020-04-15,western_isles,6
2020-04-16,ayrshire_and_arran,503
2020-04-16,borders,220
2020-04-16,dumfries_and_galloway,207
2020-04-16,fife,446
2020-04-16,forth_valley,400
2020-04-16,grampian,389
2020-04-16,greater_glasgow_and_clyde,1742
2020-04-16,highland,184
2020-04-16,lanarkshire,911
2020-04-16,lothian,1107
2020-04-16,orkney,5
2020-04-16,shetland,45
2020-04-16,tayside,937
2020-04-16,western_isles,6
2020-04-17,ayrshire_and_arran,536
2020-04-17,borders,229
2020-04-17,dumfries_and_galloway,209
2020-04-17,fife,488
2020-04-17,forth_valley,431
2020-04-17,grampian,394
2020-04-17,greater_glasgow_and_clyde,1794
2020-04-17,highland,187
2020-04-17,lanarkshire,934
2020-04-17,lothian,1172
2020-04-17,orkney,5
2020-04-17,shetland,45
2020-04-17,tayside,979
2020-04-17,western_isles,6
2020-04-18,ayrshire_and_arran,560
2020-04-18,borders,231
2020-04-18,dumfries_and_galloway,222
2020-04-18,fife,514
2020-04-18,forth_valley,451
2020-04-18,grampian,432
2020-04-18,greater_glasgow_and_clyde,1905
2020-04-18,highland,193
2020-04-18,lanarkshire,995
2020-04-18,lothian,1239
2020-04-18,orkney,5
2020-04-18,shetland,45
2020-04-18,tayside,1022
2020-04-18,western_isles,6
2020-04-19,ayrshire_and_arran,586
2020-04-19,borders,237
2020-04-19,dumfries_and_galloway,229
2020-04-19,fife,532
2020-04-19,forth_valley,509
2020-04-19,grampian,464
2020-04-19,greater_glasgow_and_clyde,1949
2020-04-19,highland,197
2020-04-19,lanarkshire,1022
2020-04-19,lothian,1344
2020-04-19,orkney,5
2020-04-19,shetland,51
2020-04-19,tayside,1056
2020-04-19,western_isles,6
2020-04-20,ayrshire_and_arran,604
2020-04-20,borders,239
2020-04-20,dumfries_and_galloway,231
2020-04-20,fife,542
2020-04-20,forth_valley,542
2020-04-20,grampian,490
2020-04-20,greater_glasgow_and_clyde,2020
2020-04-20,highland,198
2020-04-20,lanarkshire,1051
2020-04-20,lothian,1399
2020-04-20,orkney,6
2020-04-20,shetland,51
2020-04-20,tayside,1071
2020-04-20,western_isles,6
2020-04-21,ayrshire_and_arran,623
2020-04-21,borders,240
2020-04-21,dumfries_and_galloway,231
2020-04-21,fife,561
2020-04-21,forth_valley,562
2020-04-21,grampian,519
2020-04-21,greater_glasgow_and_clyde,2085
2020-04-21,highland,201
2020-04-21,lanarkshire,1076
2020-04-21,lothian,1426
2020-04-21,orkney,6
2020-04-21,shetland,52
2020-04-21,tayside,1084
2020-04-21,western_isles,6
2020-04-22,ayrshire_and_arran,640
2020-04-22,borders,243
2020-04-22,dumfries_and_galloway,235
2020-04-22,fife,593
2020-04-22,forth_valley,569
2020-04-22,grampian,550
2020-04-22,greater_glasgow_and_clyde,2174
2020-04-22,highland,211
2020-04-22,lanarkshire,1118
2020-04-22,lothian,1515
2020-04-22,orkney,6
2020-04-22,shetland,54
2020-04-22,tayside,1124
2020-04-22,western_isles,6
2020-04-23,ayrshire_and_arran,653
2020-04-23,borders,248
2020-04-23,dumfries_and_galloway,235
2020-04-23,fife,619
2020-04-23,forth_valley,604
2020-04-23,grampian,602
2020-04-23,greater_glasgow_and_clyde,2250
2020-04-23,highland,214
2020-04-23,lanarkshire,1155
2020-04-23,lothian,1604
2020-04-23,orkney,6
2020-04-23,shetland,54
2020-04-23,tayside,1159
2020-04-23,western_isles,6
2020-04-24,ayrshire_and_arran,678
2020-04-24,borders,253
2020-04-24,dumfries_and_galloway,235
2020-04-24,fife,637
2020-04-24,forth_valley,606
2020-04-24,grampian,638
2020-04-24,greater_glasgow_and_clyde,2311
2020-04-24,highland,214
2020-04-24,lanarkshire,1176
2020-04-24,lothian,1684
2020-04-24,orkney,6
2020-04-24,shetland,54
2020-04-24,tayside,1199
2020-04-24,western_isles,6
2020-04-25,ayrshire_and_arran,692
2020-04-25,borders,258
2020-04-25,dumfries_and_galloway,237
2020-04-25,fife,653
2020-04-25,forth_valley,655
2020-04-25,grampian,700
2020-04-25,greater_glasgow_and_clyde,2428
2020-04-25,highland,220
2020-04-25,lanarkshire,1187
2020-04-25,lothian,1730
2020-04-25,orkney,7
2020-04-25,shetland,54
2020-04-25,tayside,1224
2020-04-25,western_isles,6
2020-04-26,ayrshire_and_arran,705
2020-04-26,borders,259
2020-04-26,dumfries_and_galloway,240
2020-04-26,fife,672
2020-04-26,forth_valley,662
2020-04-26,grampian,748
2020-04-26,greater_glasgow_and_clyde,2479
2020-04-26,highland,225
2020-04-26,lanarkshire,1231
2020-04-26,lothian,1785
2020-04-26,orkney,7
2020-04-26,shetland,54
2020-04-26,tayside,1251
2020-04-26,western_isles,6
2020-04-27,ayrshire_and_arran,721
2020-04-27,borders,269
2020-04-27,dumfries_and_galloway,243
2020-04-27,fife,681
2020-04-27,forth_valley,680
2020-04-27,grampian,771
2020-04-27,greater_glasgow_and_clyde,2531
2020-04-27,highland,228
2020-04-27,lanarkshire,1265
2020-04-27,lothian,1804
2020-04-27,orkney,7
2020-04-27,shetland,54
2020-04-27,tayside,1261
2020-04-27,western_isles,6
2020-04-28,ayrshire_and_arran,738
2020-04-28,borders,272
2020-04-28,dumfries_and_galloway,243
2020-04-28,fife,692
2020-04-28,forth_valley,689
2020-04-28,grampian,782
2020-04-28,greater_glasgow_and_clyde,2604
2020-04-28,highland,232
2020-04-28,lanarkshire,1297
2020-04-28,lothian,1832
2020-04-28,orkney,7
2020-04-28,shetland,54
2020-04-28,tayside,1273
2020-04-28,western_isles,6
2020-04-29,ayrshire_and_arran,745
2020-04-29,borders,279
2020-04-29,dumfries_and_galloway,244
2020-04-29,fife,712
2020-04-29,forth_valley,717
2020-04-29,grampian,813
2020-04-29,greater_glasgow_and_clyde,2672
2020-04-29,highland,236
2020-04-29,lanarkshire,1329
2020-04-29,lothian,1907
2020-04-29,orkney,7
2020-04-29,shetland,54
2020-04-29,tayside,1313
2020-04-29,western_isles,6
2020-04-30,ayrshire_and_arran,762
2020-04-30,borders,279
2020-04-30,dumfries_and_galloway,246
2020-04-30,fife,737
2020-04-30,forth_valley,724
2020-04-30,grampian,834
2020-04-30,greater_glasgow_and_clyde,2759
2020-04-30,highland,242
2020-04-30,lanarkshire,1374
2020-04-30,lothian,1980
2020-04-30,orkney,7
2020-04-30,shetland,54
2020-04-30,tayside,1349
2020-04-30,western_isles,6
2020-05-01,ayrshire_and_arran,778
2020-05-01,borders,281
2020-05-01,dumfries_and_galloway,249
2020-05-01,fife,750
2020-05-01,forth_valley,747
2020-05-01,grampian,866
2020-05-01,greater_glasgow_and_clyde,2864
2020-05-01,highland,259
2020-05-01,lanarkshire,1400
2020-05-01,lothian,2014
2020-05-01,orkney,7
2020-05-01,shetland,54
2020-05-01,tayside,1379
2020-05-01,western_isles,6
2020-05-02,ayrshire_and_arran,793
2020-05-02,borders,283
2020-05-02,dumfries_and_galloway,250
2020-05-02,fife,768
2020-05-02,forth_valley,757
2020-05-02,grampian,889
2020-05-02,greater_glasgow_and_clyde,2939
2020-05-02,highland,288
2020-05-02,lanarkshire,1436
2020-05-02,lothian,2065
2020-05-02,orkney,7
2020-05-02,shetland,54
2020-05-02,tayside,1392
2020-05-02,western_isles,6
2020-05-03,ayrshire_and_arran,799
2020-05-03,borders,284
2020-05-03,dumfries_and_galloway,250
2020-05-03,fife,776
2020-05-03,forth_valley,788
2020-05-03,grampian,898
2020-05-03,greater_glasgow_and_clyde,2985
2020-05-03,highland,297
2020-05-03,lanarkshire,1454
2020-05-03,lothian,2089
2020-05-03,orkney,7
2020-05-03,shetland,54
2020-05-03,tayside,1410
2020-05-03,western_isles,6
2020-05-04,ayrshire_and_arran,818
2020-05-04,borders,284
2020-05-04,dumfries_and_galloway,250
2020-05-04,fife,778
2020-05-04,forth_valley,794
2020-05-04,grampian,931
2020-05-04,greater_glasgow_and_clyde,3029
2020-05-04,highland,299
2020-05-04,lanarkshire,1492
2020-05-04,lothian,2113
2020-05-04,orkney,7
2020-05-04,shetland,54
2020-05-04,tayside,1411
2020-05-04,western_isles,6
2020-05-05,ayrshire_and_arran,825
2020-05-05,borders,284
2020-05-05,dumfries_and_galloway,254
2020-05-05,fife,784
2020-05-05,forth_valley,802
2020-05-05,grampian,946
2020-05-05,greater_glasgow_and_clyde,3070
2020-05-05,highland,307
2020-05-05,lanarkshire,1520
2020-05-05,lothian,2149
2020-05-05,orkney,7
2020-05-05,shetland,54
2020-05-05,tayside,1429
2020-05-05,western_isles,6
2020-05-06,ayrshire_and_arran,846
2020-05-06,borders,285
2020-05-06,dumfries_and_galloway,254
2020-05-06,fife,792
2020-05-06,forth_valley,809
2020-05-06,grampian,957
2020-05-06,greater_glasgow_and_clyde,3203
2020-05-06,highland,310
2020-05-06,lanarkshire,1541
2020-05-06,lothian,2200
2020-05-06,orkney,7
2020-05-06,shetland,54
2020-05-06,tayside,1445
2020-05-06,western_isles,6
2020-05-07,ayrshire_and_arran,853
2020-05-07,borders,286
2020-05-07,dumfries_and_galloway,254
2020-05-07,fife,801
2020-05-07,forth_valley,818
2020-05-07,grampian,973
2020-05-07,greater_glasgow_and_clyde,3277
2020-05-07,highland,313
2020-05-07,lanarkshire,1576
2020-05-07,lothian,2241
2020-05-07,orkney,7
2020-05-07,shetland,54
2020-05-07,tayside,1465
2020-05-07,western_isles,6
2020-05-08,ayrshire_and_arran,885
2020-05-08,borders,286
2020-05-08,dumfries_and_galloway,255
2020-05-08,fife,804
2020-05-08,forth_valley,828
2020-05-08,grampian,1001
2020-05-08,greater_glasgow_and_clyde,3333
2020-05-08,highland,317
2020-05-08,lanarkshire,1628
2020-05-08,lothian,2274
2020-05-08,orkney,7
2020-05-08,shetland,54
2020-05-08,tayside,1471
2020-05-08,western_isles,6
2020-05-09,ayrshire_and_arran,895
2020-05-09,borders,286
2020-05-09,dumfries_and_galloway,255
2020-05-09,fife,810
2020-05-09,forth_valley,828
2020-05-09,grampian,1035
2020-05-09,greater_glasgow_and_clyde,3367
2020-05-09,highland,317
2020-05-09,lanarkshire,1635
2020-05-09,lothian,2324
2020-05-09,orkney,7
2020-05-09,shetland,54
2020-05-09,tayside,1486
2020-05-09,western_isles,6
2020-05-10,ayrshire_and_arran,904
2020-05-10,borders,286
2020-05-10,dumfries_and_galloway,255
2020-05-10,fife,811
2020-05-10,forth_valley,828
2020-05-10,grampian,1050
2020-05-10,greater_glasgow_and_clyde,3449
2020-05-10,highland,320
2020-05-10,lanarkshire,1660
2020-05-10,lothian,2359
2020-05-10,orkney,7
2020-05-10,shetland,54
2020-05-10,tayside,1497
2020-05-10,western_isles,6
2020-05-11,ayrshire_and_arran,912
2020-05-11,borders,292
2020-05-11,dumfries_and_galloway,255
2020-05-11,fife,813
2020-05-11,forth_valley,839
2020-05-11,grampian,1078
2020-05-11,greater_glasgow_and_clyde,3479
2020-05-11,highland,322
2020-05-11,lanarkshire,1693
2020-05-11,lothian,2380
2020-05-11,orkney,7
2020-05-11,shetland,54
2020-05-11,tayside,1497
2020-05-11,western_isles,6
2020-05-12,ayrshire_and_arran,925
2020-05-12,borders,294
2020-05-12,dumfries_and_galloway,255
2020-05-12,fife,813
2020-05-12,forth_valley,856
2020-05-12,grampian,1102
2020-05-12,greater_glasgow_and_clyde,3510
2020-05-12,highland,324
2020-05-12,lanarkshire,1715
2020-05-12,lothian,2397
2020-05-12,orkney,7
2020-05-12,shetland,54
2020-05-12,tayside,1505
2020-05-12,western_isles,6
2020-05-13,ayrshire_and_arran,946
2020-05-13,borders,297
2020-05-13,dumfries_and_galloway,254
2020-05-13,fife,816
2020-05-13,forth_valley,859
2020-05-13,grampian,1123
2020-05-13,greater_glasgow_and_clyde,3579
2020-05-13,highland,324
2020-05-13,lanarkshire,1721
2020-05-13,lothian,2428
2020-05-13,orkney,7
2020-05-13,shetland,54
2020-05-13,tayside,1515
2020-05-13,western_isles,6
2020-05-14,ayrshire_and_arran,952
2020-05-14,borders,298
2020-05-14,dumfries_and_galloway,255
2020-05-14,fife,823
2020-05-14,forth_valley,863
2020-05-14,grampian,1142
2020-05-14,greater_glasgow_and_clyde,3628
2020-05-14,highland,328
2020-05-14,lanarkshire,1762
2020-05-14,lothian,2459
2020-05-14,orkney,7
2020-05-14,shetland,54
2020-05-14,tayside,1540
2020-05-14,western_isles,6
2020-05-15,ayrshire_and_arran,964
2020-05-15,borders,304
2020-05-15,dumfries_and_galloway,255
2020-05-15,fife,824
2020-05-15,forth_valley,867
2020-05-15,grampian,1152
2020-05-15,greater_glasgow_and_clyde,3663
2020-05-15,highland,331
2020-05-15,lanarkshire,1781
2020-05-15,lothian,2497
2020-05-15,orkney,7
2020-05-15,shetland,54
2020-05-15,tayside,1555
2020-05-15,western_isles,6
2020-05-16,ayrshire_and_arran,966
2020-05-16,borders,310
2020-05-16,dumfries_and_galloway,257
2020-05-16,fife,824
2020-05-16,forth_valley,871
2020-05-16,grampian,1181
2020-05-16,greater_glasgow_and_clyde,3707
2020-05-16,highland,331
2020-05-16,lanarkshire,1812
2020-05-16,lothian,2539
2020-05-16,orkney,7
2020-05-16,shetland,54
2020-05-16,tayside,1582
2020-05-16,western_isles,6
2020-05-17,ayrshire_and_arran,974
2020-05-17,borders,313
2020-05-17,dumfries_and_galloway,257
2020-05-17,fife,824
2020-05-17,forth_valley,873
2020-05-17,grampian,1189
2020-05-17,greater_glasgow_and_clyde,3731
2020-05-17,highland,331
2020-05-17,lanarkshire,1828
2020-05-17,lothian,2561
2020-05-17,orkney,7
2020-05-17,shetland,54
2020-05-17,tayside,1589
2020-05-17,western_isles,6
2020-05-18,ayrshire_and_arran,976
2020-05-18,borders,316
2020-05-18,dumfries_and_galloway,257
2020-05-18,fife,824
2020-05-18,forth_valley,880
2020-05-18,grampian,1200
2020-05-18,greater_glasgow_and_clyde,3742
2020-05-18,highland,331
2020-05-18,lanarkshire,1840
2020-05-18,lothian,2568
2020-05-18,orkney,7
2020-05-18,shetland,54
2020-05-18,tayside,1593
2020-05-18,western_isles,6
2020-05-19,ayrshire_and_arran,981
2020-05-19,borders,317
2020-05-19,dumfries_and_galloway,257
2020-05-19,fife,825
2020-05-19,forth_valley,883
2020-05-19,grampian,1206
2020-05-19,greater_glasgow_and_clyde,3759
2020-05-19,highland,333
2020-05-19,lanarkshire,1853
2020-05-19,lothian,2575
2020-05-19,orkney,7
2020-05-19,shetland,54
2020-05-19,tayside,1599
2020-05-19,western_isles,6
2020-05-20,ayrshire_and_arran,987
2020-05-20,borders,322
2020-05-20,dumfries_and_galloway,257
2020-05-20,fife,826
2020-05-20,forth_valley,894
2020-05-20,grampian,1216
2020-05-20,greater_glasgow_and_clyde,3780
2020-05-20,highland,334
2020-05-20,lanarkshire,1867
2020-05-20,lothian,2584
2020-05-20,orkney,7
2020-05-20,shetland,54
2020-05-20,tayside,1617
2020-05-20,western_isles,6
2020-05-21,ayrshire_and_arran,995
2020-05-21,borders,322
2020-05-21,dumfries_and_galloway,257
2020-05-21,fife,826
2020-05-21,forth_valley,896
2020-05-21,grampian,1218
2020-05-21,greater_glasgow_and_clyde,3806
2020-05-21,highland,334
2020-05-21,lanarkshire,1892
2020-05-21,lothian,2611
2020-05-21,orkney,7
2020-05-21,shetland,54
2020-05-21,tayside,1632
2020-05-21,western_isles,6
2020-05-22,ayrshire_and_arran,1001
2020-05-22,borders,322
2020-05-22,dumfries_and_galloway,257
2020-05-22,fife,826
2020-05-22,forth_valley,909
2020-05-22,grampian,1223
2020-05-22,greater_glasgow_and_clyde,3841
2020-05-22,highland,335
2020-05-22,lanarkshire,1913
2020-05-22,lothian,2634
2020-05-22,orkney,7
2020-05-22,shetland,54
2020-05-22,tayside,1641
2020-05-22,western_isles,6
2020-05-23,ayrshire_and_arran,1015
2020-05-23,borders,322
2020-05-23,dumfries_and_galloway,257
2020-05-23,fife,826
2020-05-23,forth_valley,915
2020-05-23,grampian,1223
2020-05-23,greater_glasgow_and_clyde,3865
2020-05-23,highland,335
2020-05-23,lanarkshire,1922
2020-05-23,lothian,2649
2020-05-23,orkney,7
2020-05-23,shetland,54
2020-05-23,tayside,1645
2020-05-23,western_isles,6
2020-05-24,ayrshire_and_arran,1019
2020-05-24,borders,322
2020-05-24,dumfries_and_galloway,258
2020-05-24,fife,826
2020-05-24,forth_valley,917
2020-05-24,grampian,1224
2020-05-24,greater_glasgow_and_clyde,3876
2020-05-24,highland,335
2020-05-24,lanarkshire,1934
2020-05-24,lothian,2665
2020-05-24,orkney,7
2020-05-24,shetland,54
2020-05-24,tayside,1658
2020-05-24,western_isles,6
2020-05-25,ayrshire_and_arran,1019
2020-05-25,borders,322
2020-05-25,dumfries_and_galloway,260
2020-05-25,fife,827
2020-05-25,forth_valley,917
2020-05-25,grampian,1245
2020-05-25,greater_glasgow_and_clyde,3892
2020-05-25,highland,335
2020-05-25,lanarkshire,1944
2020-05-25,lothian,2669
2020-05-25,orkney,7
2020-05-25,shetland,54
2020-05-25,tayside,1659
2020-05-25,western_isles,6
2020-05-26,ayrshire_and_arran,1023
2020-05-26,borders,323
2020-05-26,dumfries_and_galloway,260
2020-05-26,fife,828
2020-05-26,forth_valley,918
2020-05-26,grampian,1250
2020-05-26,greater_glasgow_and_clyde,3898
2020-05-26,highland,336
2020-05-26,lanarkshire,1948
2020-05-26,lothian,2675
2020-05-26,orkney,7
2020-05-26,shetland,54
2020-05-26,tayside,1659
2020-05-26,western_isles,6
2020-05-27,ayrshire_and_arran,1029
2020-05-27,borders,323
2020-05-27,dumfries_and_galloway,260
2020-05-27,fife,830
2020-05-27,forth_valley,919
2020-05-27,grampian,1256
2020-05-27,greater_glasgow_and_clyde,3916
2020-05-27,highland,337
2020-05-27,lanarkshire,1957
2020-05-27,lothian,2685
2020-05-27,orkney,7
2020-05-27,shetland,54
2020-05-27,tayside,1661
2020-05-27,western_isles,6
2020-05-28,ayrshire_and_arran,1035
2020-05-28,borders,323
2020-05-28,dumfries_and_galloway,260
2020-05-28,fife,830
2020-05-28,forth_valley,919
2020-05-28,grampian,1259
2020-05-28,greater_glasgow_and_clyde,3934
2020-05-28,highland,337
2020-05-28,lanarkshire,1968
2020-05-28,lothian,2691
2020-05-28,orkney,7
2020-05-28,shetland,54
2020-05-28,tayside,1665
2020-05-28,western_isles,6
2020-05-29,ayrshire_and_arran,1039
2020-05-29,borders,325
2020-05-29,dumfries_and_galloway,260
2020-05-29,fife,831
2020-05-29,forth_valley,919
2020-05-29,grampian,1269
2020-05-29,greater_glasgow_and_clyde,3939
2020-05-29,highland,337
2020-05-29,lanarkshire,1974
2020-05-29,lothian,2698
2020-05-29,orkney,8
2020-05-29,shetland,54
2020-05-29,tayside,1668
2020-05-29,western_isles,6
2020-05-30,ayrshire_and_arran,1058
2020-05-30,borders,325
2020-05-30,dumfries_and_galloway,260
2020-05-30,fife,834
2020-05-30,forth_valley,924
2020-05-30,grampian,1273
2020-05-30,greater_glasgow_and_clyde,3943
2020-05-30,highland,337
2020-05-30,lanarkshire,1984
2020-05-30,lothian,2706
2020-05-30,orkney,8
2020-05-30,shetland,54
2020-05-30,tayside,1670
2020-05-30,western_isles,6
2020-05-31,ayrshire_and_arran,1060
2020-05-31,borders,325
2020-05-31,dumfries_and_galloway,260
2020-05-31,fife,835
2020-05-31,forth_valley,928
2020-05-31,grampian,1274
2020-05-31,greater_glasgow_and_clyde,3946
2020-05-31,highland,337
2020-05-31,lanarkshire,1987
2020-05-31,lothian,2709
2020-05-31,orkney,8
2020-05-31,shetland,54
2020-05-31,tayside,1671
2020-05-31,western_isles,6
2020-06-01,ayrshire_and_arran,1061
2020-06-01,borders,325
2020-06-01,dumfries_and_galloway,260
2020-06-01,fife,836
2020-06-01,forth_valley,931
2020-06-01,grampian,1278
2020-06-01,greater_glasgow_and_clyde,3949
2020-06-01,highland,338
2020-06-01,lanarkshire,1987
2020-06-01,lothian,2714
2020-06-01,orkney,8
2020-06-01,shetland,54
2020-06-01,tayside,1671
2020-06-01,western_isles,6
2020-06-02,ayrshire_and_arran,1061
2020-06-02,borders,325
2020-06-02,dumfries_and_galloway,260
2020-06-02,fife,871
2020-06-02,forth_valley,935
2020-06-02,grampian,1281
2020-06-02,greater_glasgow_and_clyde,3950
2020-06-02,highland,338
2020-06-02,lanarkshire,1995
2020-06-02,lothian,2716
2020-06-02,orkney,8
2020-06-02,shetland,54
2020-06-02,tayside,1671
2020-06-02,western_isles,6
2020-06-03,ayrshire_and_arran,1066
2020-06-03,borders,325
2020-06-03,dumfries_and_galloway,260
2020-06-03,fife,876
2020-06-03,forth_valley,942
2020-06-03,grampian,1282
2020-06-03,greater_glasgow_and_clyde,3954
2020-06-03,highland,339
2020-06-03,lanarkshire,1998
2020-06-03,lothian,2723
2020-06-03,orkney,8
2020-06-03,shetland,54
2020-06-03,tayside,1671
2020-06-03,western_isles,6
2020-06-04,ayrshire_and_arran,1071
2020-06-04,borders,325
2020-06-04,dumfries_and_galloway,261
2020-06-04,fife,877
2020-06-04,forth_valley,944
2020-06-04,grampian,1283
2020-06-04,greater_glasgow_and_clyde,3961
2020-06-04,highland,338
2020-06-04,lanarkshire,2002
2020-06-04,lothian,2752
2020-06-04,orkney,8
2020-06-04,shetland,54
2020-06-04,tayside,1671
2020-06-04,western_isles,6
2020-06-05,ayrshire_and_arran,1076
2020-06-05,borders,326
2020-06-05,dumfries_and_galloway,261
2020-06-05,fife,877
2020-06-05,forth_valley,946
2020-06-05,grampian,1284
2020-06-05,greater_glasgow_and_clyde,3968
2020-06-05,highland,338
2020-06-05,lanarkshire,2005
2020-06-05,lothian,2760
2020-06-05,orkney,8
2020-06-05,shetland,54
2020-06-05,tayside,1673
2020-06-05,western_isles,6
2020-06-06,ayrshire_and_arran,1077
2020-06-06,borders,326
2020-06-06,dumfries_and_galloway,261
2020-06-06,fife,879
2020-06-06,forth_valley,946
2020-06-06,grampian,1284
2020-06-06,greater_glasgow_and_clyde,3971
2020-06-06,highland,339
2020-06-06,lanarkshire,2007
2020-06-06,lothian,2769
2020-06-06,orkney,8
2020-06-06,shetland,54
2020-06-06,tayside,1676
2020-06-06,western_isles,6
2020-06-07,ayrshire_and_arran,1079
2020-06-07,borders,326
2020-06-07,dumfries_and_galloway,261
2020-06-07,fife,879
2020-06-07,forth_valley,946
2020-06-07,grampian,1286
2020-06-07,greater_glasgow_and_clyde,3981
2020-06-07,highland,339
2020-06-07,lanarkshire,2008
2020-06-07,lothian,2772
2020-06-07,orkney,8
2020-06-07,shetland,54
2020-06-07,tayside,1676
2020-06-07,western_isles,6
2020-06-08,ayrshire_and_arran,1080
2020-06-08,borders,326
2020-06-08,dumfries_and_galloway,261
2020-06-08,fife,879
2020-06-08,forth_valley,947
2020-06-08,grampian,1286
2020-06-08,greater_glasgow_and_clyde,3988
2020-06-08,highland,340
2020-06-08,lanarkshire,2013
2020-06-08,lothian,2774
2020-06-08,orkney,8
2020-06-08,shetland,54
2020-06-08,tayside,1677
2020-06-08,western_isles,6
2020-06-09,ayrshire_and_arran,1081
2020-06-09,borders,326
2020-06-09,dumfries_and_galloway,261
2020-06-09,fife,879
2020-06-09,forth_valley,948
2020-06-09,grampian,1287
2020-06-09,greater_glasgow_and_clyde,3990
2020-06-09,highland,340
2020-06-09,lanarkshire,2018
2020-06-09,lothian,2777
2020-06-09,orkney,8
2020-06-09,shetland,54
2020-06-09,tayside,1678
2020-06-09,western_isles,6
2020-06-10,ayrshire_and_arran,1081
2020-06-10,borders,327
2020-06-10,dumfries_and_galloway,261
2020-06-10,fife,880
2020-06-10,forth_valley,948
2020-06-10,grampian,1287
2020-06-10,greater_glasgow_and_clyde,3990
2020-06-10,highland,340
2020-06-10,lanarkshire,2021
2020-06-10,lothian,2778
2020-06-10,orkney,8
2020-06-10,shetland,54
2020-06-10,tayside,1684
2020-06-10,western_isles,6
2020-06-11,ayrshire_and_arran,1082
2020-06-11,borders,327
2020-06-11,dumfries_and_galloway,261
2020-06-11,fife,882
2020-06-11,forth_valley,948
2020-06-11,grampian,1288
2020-06-11,greater_glasgow_and_clyde,3995
2020-06-11,highland,341
2020-06-11,lanarkshire,2022
2020-06-11,lothian,2783
2020-06-11,orkney,8
2020-06-11,shetland,54
2020-06-11,tayside,1685
2020-06-11,western_isles,6
2020-06-12,ayrshire_and_arran,1086
2020-06-12,borders,327
2020-06-12,dumfries_and_galloway,261
2020-06-12,fife,883
2020-06-12,forth_valley,948
2020-06-12,grampian,1288
2020-06-12,greater_glasgow_and_clyde,4000
2020-06-12,highland,341
2020-06-12,lanarkshire,2028
2020-06-12,lothian,2794
2020-06-12,orkney,8
2020-06-12,shetland,54
2020-06-12,tayside,1685
2020-06-12,western_isles,6
2020-06-13,ayrshire_and_arran,1087
2020-06-13,borders,327
2020-06-13,dumfries_and_galloway,261
2020-06-13,fife,884
2020-06-13,forth_valley,950
2020-06-13,grampian,1288
2020-06-13,greater_glasgow_and_clyde,4004
2020-06-13,highland,341
2020-06-13,lanarkshire,2031
2020-06-13,lothian,2803
2020-06-13,orkney,8
2020-06-13,shetland,54
2020-06-13,tayside,1686
2020-06-13,western_isles,6
2020-06-14,ayrshire_and_arran,1088
2020-06-14,borders,327
2020-06-14,dumfries_and_galloway,261
2020-06-14,fife,885
2020-06-14,forth_valley,952
2020-06-14,grampian,1294
2020-06-14,greater_glasgow_and_clyde,4010
2020-06-14,highland,341
2020-06-14,lanarkshire,2035
2020-06-14,lothian,2807
2020-06-14,orkney,8
2020-06-14,shetland,54
2020-06-14,tayside,1687
2020-06-14,western_isles,6
2020-06-15,ayrshire_and_arran,1243
2020-06-15,borders,345
2020-06-15,dumfries_and_galloway,274
2020-06-15,fife,926
2020-06-15,forth_valley,1048
2020-06-15,grampian,1405
2020-06-15,greater_glasgow_and_clyde,4805
2020-06-15,highland,373
2020-06-15,lanarkshire,2671
2020-06-15,lothian,3110
2020-06-15,orkney,9
2020-06-15,shetland,54
2020-06-15,tayside,1760
2020-06-15,western_isles,7
2020-06-16,ayrshire_and_arran,1243
2020-06-16,borders,345
2020-06-16,dumfries_and_galloway,274
2020-06-16,fife,926
2020-06-16,forth_valley,1051
2020-06-16,grampian,1405
2020-06-16,greater_glasgow_and_clyde,4808
2020-06-16,highland,373
2020-06-16,lanarkshire,2674
2020-06-16,lothian,3116
2020-06-16,orkney,9
2020-06-16,shetland,54
2020-06-16,tayside,1760
2020-06-16,western_isles,7
2020-06-17,ayrshire_and_arran,1245
2020-06-17,borders,345
2020-06-17,dumfries_and_galloway,274
2020-06-17,fife,928
2020-06-17,forth_valley,1051
2020-06-17,grampian,1409
2020-06-17,greater_glasgow_and_clyde,4810
2020-06-17,highland,373
2020-06-17,lanarkshire,2678
2020-06-17,lothian,3123
2020-06-17,orkney,9
2020-06-17,shetland,54
2020-06-17,tayside,1760
2020-06-17,western_isles,7
2020-06-18,ayrshire_and_arran,1245
2020-06-18,borders,345
2020-06-18,dumfries_and_galloway,274
2020-06-18,fife,928
2020-06-18,forth_valley,1053
2020-06-18,grampian,1410
2020-06-18,greater_glasgow_and_clyde,4813
2020-06-18,highland,373
2020-06-18,lanarkshire,2681
2020-06-18,lothian,3125
2020-06-18,orkney,9
2020-06-18,shetland,54
2020-06-18,tayside,1760
2020-06-18,western_isles,7
2020-06-19,ayrshire_and_arran,1248
2020-06-19,borders,345
2020-06-19,dumfries_and_galloway,284
2020-06-19,fife,928
2020-06-19,forth_valley,1053
2020-06-19,grampian,1410
2020-06-19,greater_glasgow_and_clyde,4814
2020-06-19,highland,373
2020-06-19,lanarkshire,2685
2020-06-19,lothian,3134
2020-06-19,orkney,9
2020-06-19,shetland,54
2020-06-19,tayside,1760
2020-06-19,western_isles,7
